{
  "accuracy": 0.9076823955329202,
  "confusion_matrix": [
    [
      36460,
      444
    ],
    [
      5574,
      22710
    ]
  ],
  "classification_report": {
    "Normal": {
      "precision": 0.8673930627587191,
      "recall": 0.987968783871667,
      "f1-score": 0.9237629532037802,
      "support": 36904.0
    },
    "AFIB": {
      "precision": 0.9808240476807463,
      "recall": 0.8029274501484939,
      "f1-score": 0.8830047824565497,
      "support": 28284.0
    },
    "accuracy": 0.9076823955329202,
    "macro avg": {
      "precision": 0.9241085552197327,
      "recall": 0.8954481170100804,
      "f1-score": 0.9033838678301649,
      "support": 65188.0
    },
    "weighted avg": {
      "precision": 0.916608899684758,
      "recall": 0.9076823955329202,
      "f1-score": 0.9060786539245467,
      "support": 65188.0
    }
  },
  "metrics_afib": {
    "precision": 0.9808240476807463,
    "recall": 0.8029274501484939,
    "f1_score": 0.8830047824565497
  }
}