{
  "tflite_path": "/home/pd/data/info_model/build_model/outputs/tflite/dilated_se_firenet_int8.tflite",
  "accuracy": 0.683,
  "confusion_matrix": [
    [
      250,
      317
    ],
    [
      0,
      433
    ]
  ],
  "classification_report": {
    "Normal": {
      "precision": 1.0,
      "recall": 0.4409171075837742,
      "f1-score": 0.6119951040391677,
      "support": 567.0
    },
    "AFIB": {
      "precision": 0.5773333333333334,
      "recall": 1.0,
      "f1-score": 0.7320371935756551,
      "support": 433.0
    },
    "accuracy": 0.683,
    "macro avg": {
      "precision": 0.7886666666666666,
      "recall": 0.7204585537918871,
      "f1-score": 0.6720161488074115,
      "support": 1000.0
    },
    "weighted avg": {
      "precision": 0.8169853333333333,
      "recall": 0.683,
      "f1-score": 0.6639733288084667,
      "support": 1000.0
    }
  }
}